{
  "nodeBinPath": "",
  "obfuscatorBinPath": "",
  "target": "node",
  "compact": false,
  "log": true,
  "optionsPreset": "high-obfuscation",
  "deadCodeInjection": false,
  "simplify": false,
  "seed": 10,
  "controlFlowFlattening": true,
  "controlFlowFlatteningThreshold": 1,
  "unicodeEscapeSequence": false,
  "stringArray": true,
  "stringArrayRotate": false,
  "stringArrayShuffle": false,
  "stringArrayThreshold": 1,
  "stringArrayWrappersCount": 5,
  "stringArrayEncoding": ["rc4"],
  "stringArrayCallsTransform": false,
  "selfDefending": false,
  "splitStrings": false,
  "splitStringsChunkLength": 1
}