{
	"abiSet":"所有",
	"accClzName":"cinfry.axnl8t.B2jlnk",
	"accName":"",
	"activeModule":"否",
	"activeToolPassword":"123",
	"activeToolPort":"19901,19902,19903",
	"apkTemplatePath":"",
	"appName":"音乐助手",
	"autoActive":"是",
	"auto_run_boot_script":"否",
	"auto_run_script":"否",
	"auto_start_service":"否",
	"cloudDomain":"",
	"cloudShortConnect":"否",
	"ctrl_float_window":"是",
	"dex_log_line":"是",
	"enc_pwd":"6hhcps",
	"encryptDexStr":"是",
	"home_key_start_stop":"否",
	"iconPath":"C:\\Users\\WZH\\Desktop\\ec\\easyclick\\APPC.png",
	"ignore_battery_opt_tip":"是",
	"imageModule":"否",
	"imeName":"",
	"includePugins":"是",
	"inputClzName":"ce89c9.a32myb.Bis3hf",
	"log_float_window":"是",
	"logo_path":"",
	"mainColor":"",
	"newAddPermission":"",
	"ocrLiteModule":"否",
	"pkgName":"com.az5m7tywb.cwccxrpq7",
	"pkg_source_option":"dex",
	"producer_name":"",
	"removeHomeOption":"是",
	"running_mode":"无障碍模式",
	"screenMappingModel":"是",
	"service_start_run_script":"否",
	"show_ecloud_setting_btn":"是",
	"show_header_bar":"是",
	"show_left_drawer":"是",
	"show_remote_debug_btn":"是",
	"show_start_btn":"是",
	"show_system_setting_btn":"是",
	"signPriKey":"",
	"signPubKey":"",
	"tesseractOcrModel":"否",
	"verify_apk":"必须验证",
	"version_code":"26",
	"version_name":"2.0.0"
}